Train_image_path,Train_mask_path
data//images/CL_HandE_1234_B004_bottomright12.tiff,data//masks/CL_HandE_1234_B004_bottomright12.tiff
data//images/CL_HandE_1234_B004_bottomright13.tiff,data//masks/CL_HandE_1234_B004_bottomright13.tiff
data//images/CL_HandE_1234_B004_bottomright14.tiff,data//masks/CL_HandE_1234_B004_bottomright14.tiff
data//images/CL_HandE_1234_B004_bottomright15.tiff,data//masks/CL_HandE_1234_B004_bottomright15.tiff
data//images/CL_HandE_1234_B004_bottomright29.tiff,data//masks/CL_HandE_1234_B004_bottomright29.tiff
data//images/CL_HandE_1234_B004_bottomright30.tiff,data//masks/CL_HandE_1234_B004_bottomright30.tiff
data//images/CL_HandE_1234_B004_bottomright31.tiff,data//masks/CL_HandE_1234_B004_bottomright31.tiff
data//images/CL_HandE_1234_B004_bottomright32.tiff,data//masks/CL_HandE_1234_B004_bottomright32.tiff
data//images/CL_HandE_1234_B004_bottomright46.tiff,data//masks/CL_HandE_1234_B004_bottomright46.tiff
data//images/CL_HandE_1234_B004_bottomright47.tiff,data//masks/CL_HandE_1234_B004_bottomright47.tiff
data//images/CL_HandE_1234_B004_bottomright48.tiff,data//masks/CL_HandE_1234_B004_bottomright48.tiff
data//images/CL_HandE_1234_B004_bottomright49.tiff,data//masks/CL_HandE_1234_B004_bottomright49.tiff
data//images/CL_HandE_1234_B004_bottomright50.tiff,data//masks/CL_HandE_1234_B004_bottomright50.tiff
data//images/CL_HandE_1234_B004_bottomright65.tiff,data//masks/CL_HandE_1234_B004_bottomright65.tiff
data//images/CL_HandE_1234_B004_bottomright66.tiff,data//masks/CL_HandE_1234_B004_bottomright66.tiff
data//images/CL_HandE_1234_B004_bottomright67.tiff,data//masks/CL_HandE_1234_B004_bottomright67.tiff
data//images/CL_HandE_1234_B004_bottomright82.tiff,data//masks/CL_HandE_1234_B004_bottomright82.tiff
data//images/CL_HandE_1234_B004_bottomright83.tiff,data//masks/CL_HandE_1234_B004_bottomright83.tiff
data//images/CL_HandE_1234_B004_bottomright84.tiff,data//masks/CL_HandE_1234_B004_bottomright84.tiff
data//images/CL_HandE_1234_B004_bottomright97.tiff,data//masks/CL_HandE_1234_B004_bottomright97.tiff
data//images/CL_HandE_1234_B004_bottomright98.tiff,data//masks/CL_HandE_1234_B004_bottomright98.tiff
data//images/CL_HandE_1234_B004_bottomright99.tiff,data//masks/CL_HandE_1234_B004_bottomright99.tiff
data//images/CL_HandE_1234_B004_bottomright100.tiff,data//masks/CL_HandE_1234_B004_bottomright100.tiff
data//images/CL_HandE_1234_B004_bottomright101.tiff,data//masks/CL_HandE_1234_B004_bottomright101.tiff
data//images/CL_HandE_1234_B004_bottomright112.tiff,data//masks/CL_HandE_1234_B004_bottomright112.tiff
data//images/CL_HandE_1234_B004_bottomright113.tiff,data//masks/CL_HandE_1234_B004_bottomright113.tiff
data//images/CL_HandE_1234_B004_bottomright114.tiff,data//masks/CL_HandE_1234_B004_bottomright114.tiff
data//images/CL_HandE_1234_B004_bottomright115.tiff,data//masks/CL_HandE_1234_B004_bottomright115.tiff
data//images/CL_HandE_1234_B004_bottomright116.tiff,data//masks/CL_HandE_1234_B004_bottomright116.tiff
data//images/CL_HandE_1234_B004_bottomright117.tiff,data//masks/CL_HandE_1234_B004_bottomright117.tiff
data//images/CL_HandE_1234_B004_bottomright118.tiff,data//masks/CL_HandE_1234_B004_bottomright118.tiff
data//images/CL_HandE_1234_B004_bottomright129.tiff,data//masks/CL_HandE_1234_B004_bottomright129.tiff
data//images/CL_HandE_1234_B004_bottomright130.tiff,data//masks/CL_HandE_1234_B004_bottomright130.tiff
data//images/CL_HandE_1234_B004_bottomright131.tiff,data//masks/CL_HandE_1234_B004_bottomright131.tiff
data//images/CL_HandE_1234_B004_bottomright132.tiff,data//masks/CL_HandE_1234_B004_bottomright132.tiff
data//images/CL_HandE_1234_B004_bottomright133.tiff,data//masks/CL_HandE_1234_B004_bottomright133.tiff
data//images/CL_HandE_1234_B004_bottomright134.tiff,data//masks/CL_HandE_1234_B004_bottomright134.tiff
data//images/CL_HandE_1234_B004_bottomright135.tiff,data//masks/CL_HandE_1234_B004_bottomright135.tiff
data//images/CL_HandE_1234_B004_bottomright146.tiff,data//masks/CL_HandE_1234_B004_bottomright146.tiff
data//images/CL_HandE_1234_B004_bottomright147.tiff,data//masks/CL_HandE_1234_B004_bottomright147.tiff
data//images/CL_HandE_1234_B004_bottomright148.tiff,data//masks/CL_HandE_1234_B004_bottomright148.tiff
data//images/CL_HandE_1234_B004_bottomright149.tiff,data//masks/CL_HandE_1234_B004_bottomright149.tiff
data//images/CL_HandE_1234_B004_bottomright150.tiff,data//masks/CL_HandE_1234_B004_bottomright150.tiff
data//images/CL_HandE_1234_B004_bottomright151.tiff,data//masks/CL_HandE_1234_B004_bottomright151.tiff
data//images/CL_HandE_1234_B004_bottomright152.tiff,data//masks/CL_HandE_1234_B004_bottomright152.tiff
data//images/CL_HandE_1234_B004_bottomright163.tiff,data//masks/CL_HandE_1234_B004_bottomright163.tiff
data//images/CL_HandE_1234_B004_bottomright164.tiff,data//masks/CL_HandE_1234_B004_bottomright164.tiff
data//images/CL_HandE_1234_B004_bottomright165.tiff,data//masks/CL_HandE_1234_B004_bottomright165.tiff
data//images/CL_HandE_1234_B004_bottomright166.tiff,data//masks/CL_HandE_1234_B004_bottomright166.tiff
data//images/CL_HandE_1234_B004_bottomright167.tiff,data//masks/CL_HandE_1234_B004_bottomright167.tiff
data//images/CL_HandE_1234_B004_bottomright168.tiff,data//masks/CL_HandE_1234_B004_bottomright168.tiff
data//images/CL_HandE_1234_B004_bottomright169.tiff,data//masks/CL_HandE_1234_B004_bottomright169.tiff
data//images/CL_HandE_1234_B004_bottomright183.tiff,data//masks/CL_HandE_1234_B004_bottomright183.tiff
data//images/CL_HandE_1234_B004_bottomright184.tiff,data//masks/CL_HandE_1234_B004_bottomright184.tiff
data//images/CL_HandE_1234_B004_bottomright185.tiff,data//masks/CL_HandE_1234_B004_bottomright185.tiff
data//images/CL_HandE_1234_B004_bottomright186.tiff,data//masks/CL_HandE_1234_B004_bottomright186.tiff
data//images/CL_HandE_1234_B004_bottomright200.tiff,data//masks/CL_HandE_1234_B004_bottomright200.tiff
data//images/CL_HandE_1234_B004_bottomright201.tiff,data//masks/CL_HandE_1234_B004_bottomright201.tiff
data//images/CL_HandE_1234_B004_bottomright202.tiff,data//masks/CL_HandE_1234_B004_bottomright202.tiff
data//images/CL_HandE_1234_B004_bottomright203.tiff,data//masks/CL_HandE_1234_B004_bottomright203.tiff
data//images/CL_HandE_1234_B004_bottomright215.tiff,data//masks/CL_HandE_1234_B004_bottomright215.tiff
data//images/CL_HandE_1234_B004_bottomright216.tiff,data//masks/CL_HandE_1234_B004_bottomright216.tiff
data//images/CL_HandE_1234_B004_bottomright217.tiff,data//masks/CL_HandE_1234_B004_bottomright217.tiff
data//images/CL_HandE_1234_B004_bottomright218.tiff,data//masks/CL_HandE_1234_B004_bottomright218.tiff
data//images/CL_HandE_1234_B004_bottomright219.tiff,data//masks/CL_HandE_1234_B004_bottomright219.tiff
data//images/CL_HandE_1234_B004_bottomright220.tiff,data//masks/CL_HandE_1234_B004_bottomright220.tiff
data//images/CL_HandE_1234_B004_bottomright232.tiff,data//masks/CL_HandE_1234_B004_bottomright232.tiff
data//images/CL_HandE_1234_B004_bottomright233.tiff,data//masks/CL_HandE_1234_B004_bottomright233.tiff
data//images/CL_HandE_1234_B004_bottomright234.tiff,data//masks/CL_HandE_1234_B004_bottomright234.tiff
data//images/CL_HandE_1234_B004_bottomright235.tiff,data//masks/CL_HandE_1234_B004_bottomright235.tiff
data//images/CL_HandE_1234_B004_bottomright236.tiff,data//masks/CL_HandE_1234_B004_bottomright236.tiff
data//images/CL_HandE_1234_B004_bottomright237.tiff,data//masks/CL_HandE_1234_B004_bottomright237.tiff
data//images/CL_HandE_1234_B004_bottomright248.tiff,data//masks/CL_HandE_1234_B004_bottomright248.tiff
data//images/CL_HandE_1234_B004_bottomright249.tiff,data//masks/CL_HandE_1234_B004_bottomright249.tiff
data//images/CL_HandE_1234_B004_bottomright250.tiff,data//masks/CL_HandE_1234_B004_bottomright250.tiff
data//images/CL_HandE_1234_B004_bottomright251.tiff,data//masks/CL_HandE_1234_B004_bottomright251.tiff
data//images/CL_HandE_1234_B004_bottomright252.tiff,data//masks/CL_HandE_1234_B004_bottomright252.tiff
data//images/CL_HandE_1234_B004_bottomright253.tiff,data//masks/CL_HandE_1234_B004_bottomright253.tiff
data//images/CL_HandE_1234_B004_bottomright254.tiff,data//masks/CL_HandE_1234_B004_bottomright254.tiff
data//images/CL_HandE_1234_B004_bottomright265.tiff,data//masks/CL_HandE_1234_B004_bottomright265.tiff
data//images/CL_HandE_1234_B004_bottomright266.tiff,data//masks/CL_HandE_1234_B004_bottomright266.tiff
data//images/CL_HandE_1234_B004_bottomright267.tiff,data//masks/CL_HandE_1234_B004_bottomright267.tiff
data//images/CL_HandE_1234_B004_bottomright268.tiff,data//masks/CL_HandE_1234_B004_bottomright268.tiff
data//images/CL_HandE_1234_B004_bottomright269.tiff,data//masks/CL_HandE_1234_B004_bottomright269.tiff
data//images/CL_HandE_1234_B004_bottomright270.tiff,data//masks/CL_HandE_1234_B004_bottomright270.tiff
data//images/CL_HandE_1234_B004_topleft9.tiff,data//masks/CL_HandE_1234_B004_topleft9.tiff
data//images/CL_HandE_1234_B004_topleft10.tiff,data//masks/CL_HandE_1234_B004_topleft10.tiff
data//images/CL_HandE_1234_B004_topleft11.tiff,data//masks/CL_HandE_1234_B004_topleft11.tiff
data//images/CL_HandE_1234_B004_topleft12.tiff,data//masks/CL_HandE_1234_B004_topleft12.tiff
data//images/CL_HandE_1234_B004_topleft13.tiff,data//masks/CL_HandE_1234_B004_topleft13.tiff
data//images/CL_HandE_1234_B004_topleft14.tiff,data//masks/CL_HandE_1234_B004_topleft14.tiff
data//images/CL_HandE_1234_B004_topleft15.tiff,data//masks/CL_HandE_1234_B004_topleft15.tiff
data//images/CL_HandE_1234_B004_topleft16.tiff,data//masks/CL_HandE_1234_B004_topleft16.tiff
data//images/CL_HandE_1234_B004_topleft18.tiff,data//masks/CL_HandE_1234_B004_topleft18.tiff
data//images/CL_HandE_1234_B004_topleft19.tiff,data//masks/CL_HandE_1234_B004_topleft19.tiff
data//images/CL_HandE_1234_B004_topleft20.tiff,data//masks/CL_HandE_1234_B004_topleft20.tiff
data//images/CL_HandE_1234_B004_topleft21.tiff,data//masks/CL_HandE_1234_B004_topleft21.tiff
data//images/CL_HandE_1234_B004_topleft22.tiff,data//masks/CL_HandE_1234_B004_topleft22.tiff
data//images/CL_HandE_1234_B004_topleft23.tiff,data//masks/CL_HandE_1234_B004_topleft23.tiff
data//images/CL_HandE_1234_B004_topleft26.tiff,data//masks/CL_HandE_1234_B004_topleft26.tiff
data//images/CL_HandE_1234_B004_topleft27.tiff,data//masks/CL_HandE_1234_B004_topleft27.tiff
data//images/CL_HandE_1234_B004_topleft28.tiff,data//masks/CL_HandE_1234_B004_topleft28.tiff
data//images/CL_HandE_1234_B004_topleft29.tiff,data//masks/CL_HandE_1234_B004_topleft29.tiff
data//images/CL_HandE_1234_B004_topleft30.tiff,data//masks/CL_HandE_1234_B004_topleft30.tiff
data//images/CL_HandE_1234_B004_topleft31.tiff,data//masks/CL_HandE_1234_B004_topleft31.tiff
data//images/CL_HandE_1234_B004_topleft32.tiff,data//masks/CL_HandE_1234_B004_topleft32.tiff
data//images/CL_HandE_1234_B004_topleft33.tiff,data//masks/CL_HandE_1234_B004_topleft33.tiff
data//images/CL_HandE_1234_B004_topleft34.tiff,data//masks/CL_HandE_1234_B004_topleft34.tiff
data//images/CL_HandE_1234_B004_topleft35.tiff,data//masks/CL_HandE_1234_B004_topleft35.tiff
data//images/CL_HandE_1234_B004_topleft36.tiff,data//masks/CL_HandE_1234_B004_topleft36.tiff
data//images/CL_HandE_1234_B004_topleft37.tiff,data//masks/CL_HandE_1234_B004_topleft37.tiff
data//images/CL_HandE_1234_B004_topleft38.tiff,data//masks/CL_HandE_1234_B004_topleft38.tiff
data//images/CL_HandE_1234_B004_topleft39.tiff,data//masks/CL_HandE_1234_B004_topleft39.tiff
data//images/CL_HandE_1234_B004_topleft40.tiff,data//masks/CL_HandE_1234_B004_topleft40.tiff
data//images/CL_HandE_1234_B004_topleft43.tiff,data//masks/CL_HandE_1234_B004_topleft43.tiff
data//images/CL_HandE_1234_B004_topleft44.tiff,data//masks/CL_HandE_1234_B004_topleft44.tiff
data//images/CL_HandE_1234_B004_topleft45.tiff,data//masks/CL_HandE_1234_B004_topleft45.tiff
data//images/CL_HandE_1234_B004_topleft46.tiff,data//masks/CL_HandE_1234_B004_topleft46.tiff
data//images/CL_HandE_1234_B004_topleft47.tiff,data//masks/CL_HandE_1234_B004_topleft47.tiff
data//images/CL_HandE_1234_B004_topleft48.tiff,data//masks/CL_HandE_1234_B004_topleft48.tiff
data//images/CL_HandE_1234_B004_topleft49.tiff,data//masks/CL_HandE_1234_B004_topleft49.tiff
data//images/CL_HandE_1234_B004_topleft50.tiff,data//masks/CL_HandE_1234_B004_topleft50.tiff
data//images/CL_HandE_1234_B004_topleft51.tiff,data//masks/CL_HandE_1234_B004_topleft51.tiff
data//images/CL_HandE_1234_B004_topleft52.tiff,data//masks/CL_HandE_1234_B004_topleft52.tiff
data//images/CL_HandE_1234_B004_topleft53.tiff,data//masks/CL_HandE_1234_B004_topleft53.tiff
data//images/CL_HandE_1234_B004_topleft54.tiff,data//masks/CL_HandE_1234_B004_topleft54.tiff
data//images/CL_HandE_1234_B004_topleft55.tiff,data//masks/CL_HandE_1234_B004_topleft55.tiff
data//images/CL_HandE_1234_B004_topleft56.tiff,data//masks/CL_HandE_1234_B004_topleft56.tiff
data//images/CL_HandE_1234_B004_topleft57.tiff,data//masks/CL_HandE_1234_B004_topleft57.tiff
data//images/CL_HandE_1234_B004_topleft60.tiff,data//masks/CL_HandE_1234_B004_topleft60.tiff
data//images/CL_HandE_1234_B004_topleft61.tiff,data//masks/CL_HandE_1234_B004_topleft61.tiff
data//images/CL_HandE_1234_B004_topleft62.tiff,data//masks/CL_HandE_1234_B004_topleft62.tiff
data//images/CL_HandE_1234_B004_topleft63.tiff,data//masks/CL_HandE_1234_B004_topleft63.tiff
data//images/CL_HandE_1234_B004_topleft64.tiff,data//masks/CL_HandE_1234_B004_topleft64.tiff
data//images/CL_HandE_1234_B004_topleft65.tiff,data//masks/CL_HandE_1234_B004_topleft65.tiff
data//images/CL_HandE_1234_B004_topleft66.tiff,data//masks/CL_HandE_1234_B004_topleft66.tiff
data//images/CL_HandE_1234_B004_topleft67.tiff,data//masks/CL_HandE_1234_B004_topleft67.tiff
data//images/CL_HandE_1234_B004_topleft69.tiff,data//masks/CL_HandE_1234_B004_topleft69.tiff
data//images/CL_HandE_1234_B004_topleft70.tiff,data//masks/CL_HandE_1234_B004_topleft70.tiff
data//images/CL_HandE_1234_B004_topleft71.tiff,data//masks/CL_HandE_1234_B004_topleft71.tiff
data//images/CL_HandE_1234_B004_topleft72.tiff,data//masks/CL_HandE_1234_B004_topleft72.tiff
data//images/CL_HandE_1234_B004_topleft73.tiff,data//masks/CL_HandE_1234_B004_topleft73.tiff
data//images/CL_HandE_1234_B004_topleft74.tiff,data//masks/CL_HandE_1234_B004_topleft74.tiff
data//images/CL_HandE_1234_B004_topleft78.tiff,data//masks/CL_HandE_1234_B004_topleft78.tiff
data//images/CL_HandE_1234_B004_topleft79.tiff,data//masks/CL_HandE_1234_B004_topleft79.tiff
data//images/CL_HandE_1234_B004_topleft80.tiff,data//masks/CL_HandE_1234_B004_topleft80.tiff
data//images/CL_HandE_1234_B004_topleft81.tiff,data//masks/CL_HandE_1234_B004_topleft81.tiff
data//images/CL_HandE_1234_B004_topleft82.tiff,data//masks/CL_HandE_1234_B004_topleft82.tiff
data//images/CL_HandE_1234_B004_topleft83.tiff,data//masks/CL_HandE_1234_B004_topleft83.tiff
data//images/CL_HandE_1234_B004_topleft84.tiff,data//masks/CL_HandE_1234_B004_topleft84.tiff
data//images/CL_HandE_1234_B004_topleft88.tiff,data//masks/CL_HandE_1234_B004_topleft88.tiff
data//images/CL_HandE_1234_B004_topleft89.tiff,data//masks/CL_HandE_1234_B004_topleft89.tiff
data//images/CL_HandE_1234_B004_topleft90.tiff,data//masks/CL_HandE_1234_B004_topleft90.tiff
data//images/CL_HandE_1234_B004_topleft91.tiff,data//masks/CL_HandE_1234_B004_topleft91.tiff
data//images/CL_HandE_1234_B004_topleft97.tiff,data//masks/CL_HandE_1234_B004_topleft97.tiff
data//images/CL_HandE_1234_B004_topleft98.tiff,data//masks/CL_HandE_1234_B004_topleft98.tiff
data//images/CL_HandE_1234_B004_topleft99.tiff,data//masks/CL_HandE_1234_B004_topleft99.tiff
data//images/CL_HandE_1234_B004_topleft100.tiff,data//masks/CL_HandE_1234_B004_topleft100.tiff
data//images/CL_HandE_1234_B004_topleft101.tiff,data//masks/CL_HandE_1234_B004_topleft101.tiff
data//images/CL_HandE_1234_B004_topleft106.tiff,data//masks/CL_HandE_1234_B004_topleft106.tiff
data//images/CL_HandE_1234_B004_topleft107.tiff,data//masks/CL_HandE_1234_B004_topleft107.tiff
data//images/CL_HandE_1234_B004_topleft108.tiff,data//masks/CL_HandE_1234_B004_topleft108.tiff
data//images/CL_HandE_1234_B004_topleft109.tiff,data//masks/CL_HandE_1234_B004_topleft109.tiff
data//images/CL_HandE_1234_B004_topleft118.tiff,data//masks/CL_HandE_1234_B004_topleft118.tiff
data//images/CL_HandE_1234_B004_topleft123.tiff,data//masks/CL_HandE_1234_B004_topleft123.tiff
data//images/CL_HandE_1234_B004_topleft124.tiff,data//masks/CL_HandE_1234_B004_topleft124.tiff
data//images/CL_HandE_1234_B004_topleft125.tiff,data//masks/CL_HandE_1234_B004_topleft125.tiff
data//images/CL_HandE_1234_B004_topleft126.tiff,data//masks/CL_HandE_1234_B004_topleft126.tiff
data//images/CL_HandE_1234_B004_topleft135.tiff,data//masks/CL_HandE_1234_B004_topleft135.tiff
data//images/CL_HandE_1234_B004_topleft140.tiff,data//masks/CL_HandE_1234_B004_topleft140.tiff
data//images/CL_HandE_1234_B004_topleft141.tiff,data//masks/CL_HandE_1234_B004_topleft141.tiff
data//images/CL_HandE_1234_B004_topleft142.tiff,data//masks/CL_HandE_1234_B004_topleft142.tiff
data//images/CL_HandE_1234_B004_topleft143.tiff,data//masks/CL_HandE_1234_B004_topleft143.tiff
data//images/CL_HandE_1234_B004_topleft144.tiff,data//masks/CL_HandE_1234_B004_topleft144.tiff
data//images/CL_HandE_1234_B004_topleft151.tiff,data//masks/CL_HandE_1234_B004_topleft151.tiff
data//images/CL_HandE_1234_B004_topleft152.tiff,data//masks/CL_HandE_1234_B004_topleft152.tiff
data//images/CL_HandE_1234_B004_topleft158.tiff,data//masks/CL_HandE_1234_B004_topleft158.tiff
data//images/CL_HandE_1234_B004_topleft159.tiff,data//masks/CL_HandE_1234_B004_topleft159.tiff
data//images/CL_HandE_1234_B004_topleft160.tiff,data//masks/CL_HandE_1234_B004_topleft160.tiff
data//images/CL_HandE_1234_B004_topleft161.tiff,data//masks/CL_HandE_1234_B004_topleft161.tiff
data//images/CL_HandE_1234_B004_topleft168.tiff,data//masks/CL_HandE_1234_B004_topleft168.tiff
data//images/CL_HandE_1234_B004_topleft169.tiff,data//masks/CL_HandE_1234_B004_topleft169.tiff
data//images/CL_HandE_1234_B004_topleft176.tiff,data//masks/CL_HandE_1234_B004_topleft176.tiff
data//images/CL_HandE_1234_B004_topleft177.tiff,data//masks/CL_HandE_1234_B004_topleft177.tiff
data//images/CL_HandE_1234_B004_topleft178.tiff,data//masks/CL_HandE_1234_B004_topleft178.tiff
data//images/CL_HandE_1234_B004_topleft179.tiff,data//masks/CL_HandE_1234_B004_topleft179.tiff
data//images/CL_HandE_1234_B004_topleft180.tiff,data//masks/CL_HandE_1234_B004_topleft180.tiff
data//images/CL_HandE_1234_B004_topleft185.tiff,data//masks/CL_HandE_1234_B004_topleft185.tiff
data//images/CL_HandE_1234_B004_topleft186.tiff,data//masks/CL_HandE_1234_B004_topleft186.tiff
data//images/CL_HandE_1234_B004_topleft193.tiff,data//masks/CL_HandE_1234_B004_topleft193.tiff
data//images/CL_HandE_1234_B004_topleft194.tiff,data//masks/CL_HandE_1234_B004_topleft194.tiff
data//images/CL_HandE_1234_B004_topleft195.tiff,data//masks/CL_HandE_1234_B004_topleft195.tiff
data//images/CL_HandE_1234_B004_topleft196.tiff,data//masks/CL_HandE_1234_B004_topleft196.tiff
data//images/CL_HandE_1234_B004_topleft197.tiff,data//masks/CL_HandE_1234_B004_topleft197.tiff
data//images/CL_HandE_1234_B004_topleft198.tiff,data//masks/CL_HandE_1234_B004_topleft198.tiff
data//images/CL_HandE_1234_B004_topleft202.tiff,data//masks/CL_HandE_1234_B004_topleft202.tiff
data//images/CL_HandE_1234_B004_topleft203.tiff,data//masks/CL_HandE_1234_B004_topleft203.tiff
data//images/CL_HandE_1234_B004_topleft212.tiff,data//masks/CL_HandE_1234_B004_topleft212.tiff
data//images/CL_HandE_1234_B004_topleft213.tiff,data//masks/CL_HandE_1234_B004_topleft213.tiff
data//images/CL_HandE_1234_B004_topleft214.tiff,data//masks/CL_HandE_1234_B004_topleft214.tiff
data//images/CL_HandE_1234_B004_topleft215.tiff,data//masks/CL_HandE_1234_B004_topleft215.tiff
data//images/CL_HandE_1234_B004_topleft216.tiff,data//masks/CL_HandE_1234_B004_topleft216.tiff
data//images/CL_HandE_1234_B004_topleft217.tiff,data//masks/CL_HandE_1234_B004_topleft217.tiff
data//images/CL_HandE_1234_B004_topleft218.tiff,data//masks/CL_HandE_1234_B004_topleft218.tiff
data//images/CL_HandE_1234_B004_topleft219.tiff,data//masks/CL_HandE_1234_B004_topleft219.tiff
data//images/CL_HandE_1234_B004_topleft220.tiff,data//masks/CL_HandE_1234_B004_topleft220.tiff
data//images/CL_HandE_1234_B004_topleft230.tiff,data//masks/CL_HandE_1234_B004_topleft230.tiff
data//images/CL_HandE_1234_B004_topleft231.tiff,data//masks/CL_HandE_1234_B004_topleft231.tiff
data//images/CL_HandE_1234_B004_topleft232.tiff,data//masks/CL_HandE_1234_B004_topleft232.tiff
data//images/CL_HandE_1234_B004_topleft233.tiff,data//masks/CL_HandE_1234_B004_topleft233.tiff
data//images/CL_HandE_1234_B004_topleft234.tiff,data//masks/CL_HandE_1234_B004_topleft234.tiff
data//images/CL_HandE_1234_B004_topleft235.tiff,data//masks/CL_HandE_1234_B004_topleft235.tiff
data//images/CL_HandE_1234_B004_topleft236.tiff,data//masks/CL_HandE_1234_B004_topleft236.tiff
data//images/CL_HandE_1234_B004_topleft237.tiff,data//masks/CL_HandE_1234_B004_topleft237.tiff
data//images/CL_HandE_1234_B004_topleft249.tiff,data//masks/CL_HandE_1234_B004_topleft249.tiff
data//images/CL_HandE_1234_B004_topleft250.tiff,data//masks/CL_HandE_1234_B004_topleft250.tiff
data//images/CL_HandE_1234_B004_topleft251.tiff,data//masks/CL_HandE_1234_B004_topleft251.tiff
data//images/CL_HandE_1234_B004_topleft252.tiff,data//masks/CL_HandE_1234_B004_topleft252.tiff
data//images/CL_HandE_1234_B004_topleft253.tiff,data//masks/CL_HandE_1234_B004_topleft253.tiff
data//images/CL_HandE_1234_B004_topleft254.tiff,data//masks/CL_HandE_1234_B004_topleft254.tiff
data//images/CL_HandE_1234_B004_topleft264.tiff,data//masks/CL_HandE_1234_B004_topleft264.tiff
data//images/CL_HandE_1234_B004_topleft265.tiff,data//masks/CL_HandE_1234_B004_topleft265.tiff
data//images/CL_HandE_1234_B004_topleft266.tiff,data//masks/CL_HandE_1234_B004_topleft266.tiff
data//images/CL_HandE_1234_B004_topleft267.tiff,data//masks/CL_HandE_1234_B004_topleft267.tiff
data//images/CL_HandE_1234_B004_topleft268.tiff,data//masks/CL_HandE_1234_B004_topleft268.tiff
data//images/CL_HandE_1234_B004_topleft269.tiff,data//masks/CL_HandE_1234_B004_topleft269.tiff
data//images/CL_HandE_1234_B004_topleft270.tiff,data//masks/CL_HandE_1234_B004_topleft270.tiff
data//images/CL_HandE_1234_B004_topleft271.tiff,data//masks/CL_HandE_1234_B004_topleft271.tiff
data//images/CL_HandE_1234_B004_topright0.tiff,data//masks/CL_HandE_1234_B004_topright0.tiff
data//images/CL_HandE_1234_B004_topright1.tiff,data//masks/CL_HandE_1234_B004_topright1.tiff
data//images/CL_HandE_1234_B004_topright4.tiff,data//masks/CL_HandE_1234_B004_topright4.tiff
data//images/CL_HandE_1234_B004_topright5.tiff,data//masks/CL_HandE_1234_B004_topright5.tiff
data//images/CL_HandE_1234_B004_topright6.tiff,data//masks/CL_HandE_1234_B004_topright6.tiff
data//images/CL_HandE_1234_B004_topright17.tiff,data//masks/CL_HandE_1234_B004_topright17.tiff
data//images/CL_HandE_1234_B004_topright18.tiff,data//masks/CL_HandE_1234_B004_topright18.tiff
data//images/CL_HandE_1234_B004_topright21.tiff,data//masks/CL_HandE_1234_B004_topright21.tiff
data//images/CL_HandE_1234_B004_topright22.tiff,data//masks/CL_HandE_1234_B004_topright22.tiff
data//images/CL_HandE_1234_B004_topright23.tiff,data//masks/CL_HandE_1234_B004_topright23.tiff
data//images/CL_HandE_1234_B004_topright24.tiff,data//masks/CL_HandE_1234_B004_topright24.tiff
data//images/CL_HandE_1234_B004_topright38.tiff,data//masks/CL_HandE_1234_B004_topright38.tiff
data//images/CL_HandE_1234_B004_topright39.tiff,data//masks/CL_HandE_1234_B004_topright39.tiff
data//images/CL_HandE_1234_B004_topright40.tiff,data//masks/CL_HandE_1234_B004_topright40.tiff
data//images/CL_HandE_1234_B004_topright41.tiff,data//masks/CL_HandE_1234_B004_topright41.tiff
data//images/CL_HandE_1234_B004_topright55.tiff,data//masks/CL_HandE_1234_B004_topright55.tiff
data//images/CL_HandE_1234_B004_topright56.tiff,data//masks/CL_HandE_1234_B004_topright56.tiff
data//images/CL_HandE_1234_B004_topright57.tiff,data//masks/CL_HandE_1234_B004_topright57.tiff
data//images/CL_HandE_1234_B004_topright58.tiff,data//masks/CL_HandE_1234_B004_topright58.tiff
data//images/CL_HandE_1234_B004_topright73.tiff,data//masks/CL_HandE_1234_B004_topright73.tiff
data//images/CL_HandE_1234_B004_topright74.tiff,data//masks/CL_HandE_1234_B004_topright74.tiff
data//images/CL_HandE_1234_B004_topright93.tiff,data//masks/CL_HandE_1234_B004_topright93.tiff
data//images/CL_HandE_1234_B004_topright94.tiff,data//masks/CL_HandE_1234_B004_topright94.tiff
data//images/CL_HandE_1234_B004_topright109.tiff,data//masks/CL_HandE_1234_B004_topright109.tiff
data//images/CL_HandE_1234_B004_topright110.tiff,data//masks/CL_HandE_1234_B004_topright110.tiff
data//images/CL_HandE_1234_B004_topright111.tiff,data//masks/CL_HandE_1234_B004_topright111.tiff
data//images/CL_HandE_1234_B004_topright112.tiff,data//masks/CL_HandE_1234_B004_topright112.tiff
data//images/CL_HandE_1234_B004_topright113.tiff,data//masks/CL_HandE_1234_B004_topright113.tiff
data//images/CL_HandE_1234_B004_topright114.tiff,data//masks/CL_HandE_1234_B004_topright114.tiff
data//images/CL_HandE_1234_B004_topright115.tiff,data//masks/CL_HandE_1234_B004_topright115.tiff
data//images/CL_HandE_1234_B004_topright126.tiff,data//masks/CL_HandE_1234_B004_topright126.tiff
data//images/CL_HandE_1234_B004_topright127.tiff,data//masks/CL_HandE_1234_B004_topright127.tiff
data//images/CL_HandE_1234_B004_topright128.tiff,data//masks/CL_HandE_1234_B004_topright128.tiff
data//images/CL_HandE_1234_B004_topright129.tiff,data//masks/CL_HandE_1234_B004_topright129.tiff
data//images/CL_HandE_1234_B004_topright130.tiff,data//masks/CL_HandE_1234_B004_topright130.tiff
data//images/CL_HandE_1234_B004_topright131.tiff,data//masks/CL_HandE_1234_B004_topright131.tiff
data//images/CL_HandE_1234_B004_topright132.tiff,data//masks/CL_HandE_1234_B004_topright132.tiff
data//images/CL_HandE_1234_B004_topright143.tiff,data//masks/CL_HandE_1234_B004_topright143.tiff
data//images/CL_HandE_1234_B004_topright144.tiff,data//masks/CL_HandE_1234_B004_topright144.tiff
data//images/CL_HandE_1234_B004_topright145.tiff,data//masks/CL_HandE_1234_B004_topright145.tiff
data//images/CL_HandE_1234_B004_topright146.tiff,data//masks/CL_HandE_1234_B004_topright146.tiff
data//images/CL_HandE_1234_B004_topright147.tiff,data//masks/CL_HandE_1234_B004_topright147.tiff
data//images/CL_HandE_1234_B004_topright148.tiff,data//masks/CL_HandE_1234_B004_topright148.tiff
data//images/CL_HandE_1234_B004_topright149.tiff,data//masks/CL_HandE_1234_B004_topright149.tiff
data//images/CL_HandE_1234_B004_topright161.tiff,data//masks/CL_HandE_1234_B004_topright161.tiff
data//images/CL_HandE_1234_B004_topright162.tiff,data//masks/CL_HandE_1234_B004_topright162.tiff
data//images/CL_HandE_1234_B004_topright163.tiff,data//masks/CL_HandE_1234_B004_topright163.tiff
data//images/CL_HandE_1234_B004_topright164.tiff,data//masks/CL_HandE_1234_B004_topright164.tiff
data//images/CL_HandE_1234_B004_topright165.tiff,data//masks/CL_HandE_1234_B004_topright165.tiff
data//images/CL_HandE_1234_B004_topright166.tiff,data//masks/CL_HandE_1234_B004_topright166.tiff
data//images/CL_HandE_1234_B004_topright180.tiff,data//masks/CL_HandE_1234_B004_topright180.tiff
data//images/CL_HandE_1234_B004_topright181.tiff,data//masks/CL_HandE_1234_B004_topright181.tiff
data//images/CL_HandE_1234_B004_topright182.tiff,data//masks/CL_HandE_1234_B004_topright182.tiff
data//images/CL_HandE_1234_B004_topright183.tiff,data//masks/CL_HandE_1234_B004_topright183.tiff
data//images/CL_HandE_1234_B004_topright184.tiff,data//masks/CL_HandE_1234_B004_topright184.tiff
data//images/CL_HandE_1234_B004_topright185.tiff,data//masks/CL_HandE_1234_B004_topright185.tiff
data//images/CL_HandE_1234_B004_topright198.tiff,data//masks/CL_HandE_1234_B004_topright198.tiff
data//images/CL_HandE_1234_B004_topright199.tiff,data//masks/CL_HandE_1234_B004_topright199.tiff
data//images/CL_HandE_1234_B004_topright200.tiff,data//masks/CL_HandE_1234_B004_topright200.tiff
data//images/CL_HandE_1234_B004_topright201.tiff,data//masks/CL_HandE_1234_B004_topright201.tiff
data//images/CL_HandE_1234_B004_topright202.tiff,data//masks/CL_HandE_1234_B004_topright202.tiff
data//images/CL_HandE_1234_B004_topright211.tiff,data//masks/CL_HandE_1234_B004_topright211.tiff
data//images/CL_HandE_1234_B004_topright212.tiff,data//masks/CL_HandE_1234_B004_topright212.tiff
data//images/CL_HandE_1234_B004_topright213.tiff,data//masks/CL_HandE_1234_B004_topright213.tiff
data//images/CL_HandE_1234_B004_topright227.tiff,data//masks/CL_HandE_1234_B004_topright227.tiff
data//images/CL_HandE_1234_B004_topright228.tiff,data//masks/CL_HandE_1234_B004_topright228.tiff
data//images/CL_HandE_1234_B004_topright229.tiff,data//masks/CL_HandE_1234_B004_topright229.tiff
data//images/CL_HandE_1234_B004_topright230.tiff,data//masks/CL_HandE_1234_B004_topright230.tiff
data//images/CL_HandE_1234_B004_topright244.tiff,data//masks/CL_HandE_1234_B004_topright244.tiff
data//images/CL_HandE_1234_B004_topright245.tiff,data//masks/CL_HandE_1234_B004_topright245.tiff
data//images/CL_HandE_1234_B004_topright246.tiff,data//masks/CL_HandE_1234_B004_topright246.tiff
data//images/CL_HandE_1234_B004_topright247.tiff,data//masks/CL_HandE_1234_B004_topright247.tiff
data//images/CL_HandE_1234_B004_topright261.tiff,data//masks/CL_HandE_1234_B004_topright261.tiff
data//images/CL_HandE_1234_B004_topright262.tiff,data//masks/CL_HandE_1234_B004_topright262.tiff
data//images/HandE_B005_CL_b_RGB_bottomright103.tiff,data//masks/HandE_B005_CL_b_RGB_bottomright103.tiff
data//images/HandE_B005_CL_b_RGB_bottomright104.tiff,data//masks/HandE_B005_CL_b_RGB_bottomright104.tiff
data//images/HandE_B005_CL_b_RGB_bottomright105.tiff,data//masks/HandE_B005_CL_b_RGB_bottomright105.tiff
data//images/HandE_B005_CL_b_RGB_bottomright110.tiff,data//masks/HandE_B005_CL_b_RGB_bottomright110.tiff
data//images/HandE_B005_CL_b_RGB_bottomright111.tiff,data//masks/HandE_B005_CL_b_RGB_bottomright111.tiff
data//images/HandE_B005_CL_b_RGB_bottomright120.tiff,data//masks/HandE_B005_CL_b_RGB_bottomright120.tiff
data//images/HandE_B005_CL_b_RGB_bottomright121.tiff,data//masks/HandE_B005_CL_b_RGB_bottomright121.tiff
data//images/HandE_B005_CL_b_RGB_bottomright122.tiff,data//masks/HandE_B005_CL_b_RGB_bottomright122.tiff
data//images/HandE_B005_CL_b_RGB_bottomright126.tiff,data//masks/HandE_B005_CL_b_RGB_bottomright126.tiff
data//images/HandE_B005_CL_b_RGB_bottomright127.tiff,data//masks/HandE_B005_CL_b_RGB_bottomright127.tiff
data//images/HandE_B005_CL_b_RGB_bottomright128.tiff,data//masks/HandE_B005_CL_b_RGB_bottomright128.tiff
data//images/HandE_B005_CL_b_RGB_bottomright136.tiff,data//masks/HandE_B005_CL_b_RGB_bottomright136.tiff
data//images/HandE_B005_CL_b_RGB_bottomright137.tiff,data//masks/HandE_B005_CL_b_RGB_bottomright137.tiff
data//images/HandE_B005_CL_b_RGB_bottomright138.tiff,data//masks/HandE_B005_CL_b_RGB_bottomright138.tiff
data//images/HandE_B005_CL_b_RGB_bottomright139.tiff,data//masks/HandE_B005_CL_b_RGB_bottomright139.tiff
data//images/HandE_B005_CL_b_RGB_bottomright143.tiff,data//masks/HandE_B005_CL_b_RGB_bottomright143.tiff
data//images/HandE_B005_CL_b_RGB_bottomright144.tiff,data//masks/HandE_B005_CL_b_RGB_bottomright144.tiff
data//images/HandE_B005_CL_b_RGB_bottomright145.tiff,data//masks/HandE_B005_CL_b_RGB_bottomright145.tiff
data//images/HandE_B005_CL_b_RGB_bottomright153.tiff,data//masks/HandE_B005_CL_b_RGB_bottomright153.tiff
data//images/HandE_B005_CL_b_RGB_bottomright154.tiff,data//masks/HandE_B005_CL_b_RGB_bottomright154.tiff
data//images/HandE_B005_CL_b_RGB_bottomright155.tiff,data//masks/HandE_B005_CL_b_RGB_bottomright155.tiff
data//images/HandE_B005_CL_b_RGB_bottomright156.tiff,data//masks/HandE_B005_CL_b_RGB_bottomright156.tiff
data//images/HandE_B005_CL_b_RGB_bottomright160.tiff,data//masks/HandE_B005_CL_b_RGB_bottomright160.tiff
data//images/HandE_B005_CL_b_RGB_bottomright161.tiff,data//masks/HandE_B005_CL_b_RGB_bottomright161.tiff
data//images/HandE_B005_CL_b_RGB_bottomright162.tiff,data//masks/HandE_B005_CL_b_RGB_bottomright162.tiff
data//images/HandE_B005_CL_b_RGB_bottomright171.tiff,data//masks/HandE_B005_CL_b_RGB_bottomright171.tiff
data//images/HandE_B005_CL_b_RGB_bottomright172.tiff,data//masks/HandE_B005_CL_b_RGB_bottomright172.tiff
data//images/HandE_B005_CL_b_RGB_bottomright173.tiff,data//masks/HandE_B005_CL_b_RGB_bottomright173.tiff
data//images/HandE_B005_CL_b_RGB_bottomright176.tiff,data//masks/HandE_B005_CL_b_RGB_bottomright176.tiff
data//images/HandE_B005_CL_b_RGB_bottomright177.tiff,data//masks/HandE_B005_CL_b_RGB_bottomright177.tiff
data//images/HandE_B005_CL_b_RGB_bottomright178.tiff,data//masks/HandE_B005_CL_b_RGB_bottomright178.tiff
data//images/HandE_B005_CL_b_RGB_bottomright179.tiff,data//masks/HandE_B005_CL_b_RGB_bottomright179.tiff
data//images/HandE_B005_CL_b_RGB_bottomright188.tiff,data//masks/HandE_B005_CL_b_RGB_bottomright188.tiff
data//images/HandE_B005_CL_b_RGB_bottomright189.tiff,data//masks/HandE_B005_CL_b_RGB_bottomright189.tiff
data//images/HandE_B005_CL_b_RGB_bottomright190.tiff,data//masks/HandE_B005_CL_b_RGB_bottomright190.tiff
data//images/HandE_B005_CL_b_RGB_bottomright191.tiff,data//masks/HandE_B005_CL_b_RGB_bottomright191.tiff
data//images/HandE_B005_CL_b_RGB_bottomright192.tiff,data//masks/HandE_B005_CL_b_RGB_bottomright192.tiff
data//images/HandE_B005_CL_b_RGB_bottomright193.tiff,data//masks/HandE_B005_CL_b_RGB_bottomright193.tiff
data//images/HandE_B005_CL_b_RGB_bottomright194.tiff,data//masks/HandE_B005_CL_b_RGB_bottomright194.tiff
data//images/HandE_B005_CL_b_RGB_bottomright195.tiff,data//masks/HandE_B005_CL_b_RGB_bottomright195.tiff
data//images/HandE_B005_CL_b_RGB_bottomright196.tiff,data//masks/HandE_B005_CL_b_RGB_bottomright196.tiff
data//images/HandE_B005_CL_b_RGB_bottomright205.tiff,data//masks/HandE_B005_CL_b_RGB_bottomright205.tiff
data//images/HandE_B005_CL_b_RGB_bottomright206.tiff,data//masks/HandE_B005_CL_b_RGB_bottomright206.tiff
data//images/HandE_B005_CL_b_RGB_bottomright207.tiff,data//masks/HandE_B005_CL_b_RGB_bottomright207.tiff
data//images/HandE_B005_CL_b_RGB_bottomright208.tiff,data//masks/HandE_B005_CL_b_RGB_bottomright208.tiff
data//images/HandE_B005_CL_b_RGB_bottomright209.tiff,data//masks/HandE_B005_CL_b_RGB_bottomright209.tiff
data//images/HandE_B005_CL_b_RGB_bottomright210.tiff,data//masks/HandE_B005_CL_b_RGB_bottomright210.tiff
data//images/HandE_B005_CL_b_RGB_bottomright211.tiff,data//masks/HandE_B005_CL_b_RGB_bottomright211.tiff
data//images/HandE_B005_CL_b_RGB_bottomright212.tiff,data//masks/HandE_B005_CL_b_RGB_bottomright212.tiff
data//images/HandE_B005_CL_b_RGB_bottomright222.tiff,data//masks/HandE_B005_CL_b_RGB_bottomright222.tiff
data//images/HandE_B005_CL_b_RGB_bottomright223.tiff,data//masks/HandE_B005_CL_b_RGB_bottomright223.tiff
data//images/HandE_B005_CL_b_RGB_bottomright224.tiff,data//masks/HandE_B005_CL_b_RGB_bottomright224.tiff
data//images/HandE_B005_CL_b_RGB_bottomright225.tiff,data//masks/HandE_B005_CL_b_RGB_bottomright225.tiff
data//images/HandE_B005_CL_b_RGB_bottomright226.tiff,data//masks/HandE_B005_CL_b_RGB_bottomright226.tiff
data//images/HandE_B005_CL_b_RGB_bottomright227.tiff,data//masks/HandE_B005_CL_b_RGB_bottomright227.tiff
data//images/HandE_B005_CL_b_RGB_bottomright228.tiff,data//masks/HandE_B005_CL_b_RGB_bottomright228.tiff
data//images/HandE_B005_CL_b_RGB_bottomright240.tiff,data//masks/HandE_B005_CL_b_RGB_bottomright240.tiff
data//images/HandE_B005_CL_b_RGB_bottomright241.tiff,data//masks/HandE_B005_CL_b_RGB_bottomright241.tiff
data//images/HandE_B005_CL_b_RGB_bottomright242.tiff,data//masks/HandE_B005_CL_b_RGB_bottomright242.tiff
data//images/HandE_B005_CL_b_RGB_bottomright243.tiff,data//masks/HandE_B005_CL_b_RGB_bottomright243.tiff
data//images/HandE_B005_CL_b_RGB_topleft8.tiff,data//masks/HandE_B005_CL_b_RGB_topleft8.tiff
data//images/HandE_B005_CL_b_RGB_topleft9.tiff,data//masks/HandE_B005_CL_b_RGB_topleft9.tiff
data//images/HandE_B005_CL_b_RGB_topleft10.tiff,data//masks/HandE_B005_CL_b_RGB_topleft10.tiff
data//images/HandE_B005_CL_b_RGB_topleft11.tiff,data//masks/HandE_B005_CL_b_RGB_topleft11.tiff
data//images/HandE_B005_CL_b_RGB_topleft12.tiff,data//masks/HandE_B005_CL_b_RGB_topleft12.tiff
data//images/HandE_B005_CL_b_RGB_topleft13.tiff,data//masks/HandE_B005_CL_b_RGB_topleft13.tiff
data//images/HandE_B005_CL_b_RGB_topleft14.tiff,data//masks/HandE_B005_CL_b_RGB_topleft14.tiff
data//images/HandE_B005_CL_b_RGB_topleft24.tiff,data//masks/HandE_B005_CL_b_RGB_topleft24.tiff
data//images/HandE_B005_CL_b_RGB_topleft25.tiff,data//masks/HandE_B005_CL_b_RGB_topleft25.tiff
data//images/HandE_B005_CL_b_RGB_topleft26.tiff,data//masks/HandE_B005_CL_b_RGB_topleft26.tiff
data//images/HandE_B005_CL_b_RGB_topleft27.tiff,data//masks/HandE_B005_CL_b_RGB_topleft27.tiff
data//images/HandE_B005_CL_b_RGB_topleft28.tiff,data//masks/HandE_B005_CL_b_RGB_topleft28.tiff
data//images/HandE_B005_CL_b_RGB_topleft29.tiff,data//masks/HandE_B005_CL_b_RGB_topleft29.tiff
data//images/HandE_B005_CL_b_RGB_topleft30.tiff,data//masks/HandE_B005_CL_b_RGB_topleft30.tiff
data//images/HandE_B005_CL_b_RGB_topleft31.tiff,data//masks/HandE_B005_CL_b_RGB_topleft31.tiff
data//images/HandE_B005_CL_b_RGB_topleft40.tiff,data//masks/HandE_B005_CL_b_RGB_topleft40.tiff
data//images/HandE_B005_CL_b_RGB_topleft41.tiff,data//masks/HandE_B005_CL_b_RGB_topleft41.tiff
data//images/HandE_B005_CL_b_RGB_topleft42.tiff,data//masks/HandE_B005_CL_b_RGB_topleft42.tiff
data//images/HandE_B005_CL_b_RGB_topleft43.tiff,data//masks/HandE_B005_CL_b_RGB_topleft43.tiff
data//images/HandE_B005_CL_b_RGB_topleft44.tiff,data//masks/HandE_B005_CL_b_RGB_topleft44.tiff
data//images/HandE_B005_CL_b_RGB_topleft45.tiff,data//masks/HandE_B005_CL_b_RGB_topleft45.tiff
data//images/HandE_B005_CL_b_RGB_topleft46.tiff,data//masks/HandE_B005_CL_b_RGB_topleft46.tiff
data//images/HandE_B005_CL_b_RGB_topleft47.tiff,data//masks/HandE_B005_CL_b_RGB_topleft47.tiff
data//images/HandE_B005_CL_b_RGB_topleft48.tiff,data//masks/HandE_B005_CL_b_RGB_topleft48.tiff
data//images/HandE_B005_CL_b_RGB_topleft56.tiff,data//masks/HandE_B005_CL_b_RGB_topleft56.tiff
data//images/HandE_B005_CL_b_RGB_topleft57.tiff,data//masks/HandE_B005_CL_b_RGB_topleft57.tiff
data//images/HandE_B005_CL_b_RGB_topleft58.tiff,data//masks/HandE_B005_CL_b_RGB_topleft58.tiff
data//images/HandE_B005_CL_b_RGB_topleft59.tiff,data//masks/HandE_B005_CL_b_RGB_topleft59.tiff
data//images/HandE_B005_CL_b_RGB_topleft60.tiff,data//masks/HandE_B005_CL_b_RGB_topleft60.tiff
data//images/HandE_B005_CL_b_RGB_topleft61.tiff,data//masks/HandE_B005_CL_b_RGB_topleft61.tiff
data//images/HandE_B005_CL_b_RGB_topleft71.tiff,data//masks/HandE_B005_CL_b_RGB_topleft71.tiff
data//images/HandE_B005_CL_b_RGB_topleft72.tiff,data//masks/HandE_B005_CL_b_RGB_topleft72.tiff
data//images/HandE_B005_CL_b_RGB_topleft73.tiff,data//masks/HandE_B005_CL_b_RGB_topleft73.tiff
data//images/HandE_B005_CL_b_RGB_topleft74.tiff,data//masks/HandE_B005_CL_b_RGB_topleft74.tiff
data//images/HandE_B005_CL_b_RGB_topleft75.tiff,data//masks/HandE_B005_CL_b_RGB_topleft75.tiff
data//images/HandE_B005_CL_b_RGB_topleft76.tiff,data//masks/HandE_B005_CL_b_RGB_topleft76.tiff
data//images/HandE_B005_CL_b_RGB_topleft88.tiff,data//masks/HandE_B005_CL_b_RGB_topleft88.tiff
data//images/HandE_B005_CL_b_RGB_topleft89.tiff,data//masks/HandE_B005_CL_b_RGB_topleft89.tiff
data//images/HandE_B005_CL_b_RGB_topleft90.tiff,data//masks/HandE_B005_CL_b_RGB_topleft90.tiff
data//images/HandE_B005_CL_b_RGB_topleft91.tiff,data//masks/HandE_B005_CL_b_RGB_topleft91.tiff
data//images/HandE_B005_CL_b_RGB_topleft92.tiff,data//masks/HandE_B005_CL_b_RGB_topleft92.tiff
data//images/HandE_B005_CL_b_RGB_topleft103.tiff,data//masks/HandE_B005_CL_b_RGB_topleft103.tiff
data//images/HandE_B005_CL_b_RGB_topleft104.tiff,data//masks/HandE_B005_CL_b_RGB_topleft104.tiff
data//images/HandE_B005_CL_b_RGB_topleft105.tiff,data//masks/HandE_B005_CL_b_RGB_topleft105.tiff
data//images/HandE_B005_CL_b_RGB_topleft106.tiff,data//masks/HandE_B005_CL_b_RGB_topleft106.tiff
data//images/HandE_B005_CL_b_RGB_topleft107.tiff,data//masks/HandE_B005_CL_b_RGB_topleft107.tiff
data//images/HandE_B005_CL_b_RGB_topleft108.tiff,data//masks/HandE_B005_CL_b_RGB_topleft108.tiff
data//images/HandE_B005_CL_b_RGB_topleft109.tiff,data//masks/HandE_B005_CL_b_RGB_topleft109.tiff
data//images/HandE_B005_CL_b_RGB_topleft120.tiff,data//masks/HandE_B005_CL_b_RGB_topleft120.tiff
data//images/HandE_B005_CL_b_RGB_topleft121.tiff,data//masks/HandE_B005_CL_b_RGB_topleft121.tiff
data//images/HandE_B005_CL_b_RGB_topleft122.tiff,data//masks/HandE_B005_CL_b_RGB_topleft122.tiff
data//images/HandE_B005_CL_b_RGB_topleft123.tiff,data//masks/HandE_B005_CL_b_RGB_topleft123.tiff
data//images/HandE_B005_CL_b_RGB_topleft124.tiff,data//masks/HandE_B005_CL_b_RGB_topleft124.tiff
data//images/HandE_B005_CL_b_RGB_topleft136.tiff,data//masks/HandE_B005_CL_b_RGB_topleft136.tiff
data//images/HandE_B005_CL_b_RGB_topleft137.tiff,data//masks/HandE_B005_CL_b_RGB_topleft137.tiff
data//images/HandE_B005_CL_b_RGB_topleft138.tiff,data//masks/HandE_B005_CL_b_RGB_topleft138.tiff
data//images/HandE_B005_CL_b_RGB_topleft139.tiff,data//masks/HandE_B005_CL_b_RGB_topleft139.tiff
data//images/HandE_B005_CL_b_RGB_topleft140.tiff,data//masks/HandE_B005_CL_b_RGB_topleft140.tiff
data//images/HandE_B005_CL_b_RGB_topleft153.tiff,data//masks/HandE_B005_CL_b_RGB_topleft153.tiff
data//images/HandE_B005_CL_b_RGB_topleft154.tiff,data//masks/HandE_B005_CL_b_RGB_topleft154.tiff
data//images/HandE_B005_CL_b_RGB_topleft155.tiff,data//masks/HandE_B005_CL_b_RGB_topleft155.tiff
data//images/HandE_B005_CL_b_RGB_topleft156.tiff,data//masks/HandE_B005_CL_b_RGB_topleft156.tiff
data//images/HandE_B005_CL_b_RGB_topleft170.tiff,data//masks/HandE_B005_CL_b_RGB_topleft170.tiff
data//images/HandE_B005_CL_b_RGB_topleft171.tiff,data//masks/HandE_B005_CL_b_RGB_topleft171.tiff
data//images/HandE_B005_CL_b_RGB_topleft172.tiff,data//masks/HandE_B005_CL_b_RGB_topleft172.tiff
data//images/HandE_B005_CL_b_RGB_topleft173.tiff,data//masks/HandE_B005_CL_b_RGB_topleft173.tiff
data//images/HandE_B005_CL_b_RGB_topleft187.tiff,data//masks/HandE_B005_CL_b_RGB_topleft187.tiff
data//images/HandE_B005_CL_b_RGB_topleft188.tiff,data//masks/HandE_B005_CL_b_RGB_topleft188.tiff
data//images/HandE_B005_CL_b_RGB_topleft204.tiff,data//masks/HandE_B005_CL_b_RGB_topleft204.tiff
data//images/HandE_B005_CL_b_RGB_topleft205.tiff,data//masks/HandE_B005_CL_b_RGB_topleft205.tiff
data//images/HandE_B005_CL_b_RGB_topleft221.tiff,data//masks/HandE_B005_CL_b_RGB_topleft221.tiff
